{
  "!type": "Radiobutton_bs4",
  "backgroundColor": "",
  "badge": "",
  "badgeAppearance": " badge-info",
  "bottom": "auto",
  "cached_js": "",
  "cached_js_script_hash": "d41d8cd98f00b204e9800998ecf8427e",
  "children": [],
  "class": "",
  "color": "",
  "disabled": "",
  "display": "",
  "expanded_pmp": null,
  "fontFamily": "",
  "fontSize": "",
  "fontStyle": "",
  "fontWeight": "",
  "footer": "",
  "header": "Would you like to see your recipes or restaurants?",
  "headerCols": 2,
  "height": "auto",
  "hidden": "",
  "icon": "",
  "iconTitle": "",
  "id": "recipesOrRestRadio",
  "inline": "",
  "inputmode": "",
  "items": "recipes\nrestaurants\nboth",
  "left": 21,
  "mAll": "",
  "mBottom": "",
  "mLeft": "",
  "mRight": "",
  "mTop": "",
  "name": "",
  "onchange": "",
  "onclick": "",
  "oncopy": "",
  "oncut": "",
  "onfocusin": "",
  "onfocusout": "",
  "oninput": "",
  "onmousedown": "",
  "onmousemove": "",
  "onmouseout": "",
  "onmouseup": "",
  "onpaste": "",
  "onresize": "",
  "ontouchend": "",
  "ontouchmove": "",
  "ontouchstart": "",
  "pAll": "",
  "pBottom": "",
  "pLeft": "",
  "pRight": "",
  "pTop": "",
  "popBody": "Body",
  "popClose": "hover",
  "popPosition": "",
  "popStyle": "popover",
  "popTitle": "Title",
  "required": "",
  "right": "auto",
  "script": "",
  "style": "",
  "top": 43,
  "validation": "",
  "value": "",
  "valueCols": 10,
  "width": "auto"
}