{
  "!type": "Form",
  "HTML": null,
  "attributes": "",
  "background": "white",
  "backgroundimage": "",
  "borderColor": "",
  "borderStyle": "",
  "borderWidth": "",
  "cached_js": null,
  "cached_js_script_hash": null,
  "children": [
    {
      "!type": "External",
      "file": [
        "forms",
        "newAccount",
        "Elements",
        "newUsername.json"
      ]
    },
    {
      "!type": "External",
      "file": [
        "forms",
        "newAccount",
        "Elements",
        "newPassword.json"
      ]
    },
    {
      "!type": "External",
      "file": [
        "forms",
        "newAccount",
        "Elements",
        "newLabel.json"
      ]
    },
    {
      "!type": "External",
      "file": [
        "forms",
        "newAccount",
        "Elements",
        "addNew.json"
      ]
    },
    {
      "!type": "External",
      "file": [
        "forms",
        "newAccount",
        "Elements",
        "newNext.json"
      ]
    },
    {
      "!type": "External",
      "file": [
        "forms",
        "newAccount",
        "Elements",
        "firstName.json"
      ]
    },
    {
      "!type": "External",
      "file": [
        "forms",
        "newAccount",
        "Elements",
        "lastName.json"
      ]
    }
  ],
  "class": "",
  "designHeight": 500,
  "designWidth": 400,
  "expanded_pmp": null,
  "fullScreen": "true",
  "height": "500",
  "id": "newAccount",
  "language": "JavaScript",
  "left": "0",
  "locked": false,
  "modal": "false",
  "onhide": "",
  "onkeypress": "",
  "onresize": "",
  "onshow": "",
  "openMode": "none",
  "parentForm": "",
  "position": "absolute",
  "script": null,
  "setFocusID": "",
  "style": "",
  "theme": "",
  "top": "0",
  "width": "400"
}