{
  "!type": "Form",
  "HTML": null,
  "attributes": "",
  "background": "white",
  "backgroundimage": "",
  "borderColor": "",
  "borderStyle": "",
  "borderWidth": "",
  "cached_js": null,
  "cached_js_script_hash": null,
  "children": [
    {
      "!type": "External",
      "file": [
        "forms",
        "calTracker",
        "Elements",
        "FoodList.json"
      ]
    },
    {
      "!type": "External",
      "file": [
        "forms",
        "calTracker",
        "Elements",
        "AddCal1.json"
      ]
    },
    {
      "!type": "External",
      "file": [
        "forms",
        "calTracker",
        "Elements",
        "presetCalHead.json"
      ]
    },
    {
      "!type": "External",
      "file": [
        "forms",
        "calTracker",
        "Elements",
        "presetCal.json"
      ]
    },
    {
      "!type": "External",
      "file": [
        "forms",
        "calTracker",
        "Elements",
        "OtherFood.json"
      ]
    },
    {
      "!type": "External",
      "file": [
        "forms",
        "calTracker",
        "Elements",
        "AddCal2.json"
      ]
    },
    {
      "!type": "External",
      "file": [
        "forms",
        "calTracker",
        "Elements",
        "TotalCal.json"
      ]
    },
    {
      "!type": "External",
      "file": [
        "forms",
        "calTracker",
        "Elements",
        "CaloriesNum.json"
      ]
    },
    {
      "!type": "External",
      "file": [
        "forms",
        "calTracker",
        "Elements",
        "changetoDineIn.json"
      ]
    },
    {
      "!type": "External",
      "file": [
        "forms",
        "calTracker",
        "Elements",
        "ClearCal1.json"
      ]
    },
    {
      "!type": "External",
      "file": [
        "forms",
        "calTracker",
        "Elements",
        "CalHome.json"
      ]
    }
  ],
  "class": "",
  "designHeight": 460,
  "designWidth": 320,
  "expanded_pmp": null,
  "fullScreen": "true",
  "height": "460",
  "id": "calTracker",
  "language": "JavaScript",
  "left": "0",
  "locked": false,
  "modal": "false",
  "onhide": "",
  "onkeypress": "",
  "onresize": "",
  "onshow": "",
  "openMode": "none",
  "parentForm": "",
  "position": "absolute",
  "script": null,
  "setFocusID": "",
  "style": "",
  "theme": "",
  "top": "0",
  "width": "320"
}