{
  "!type": "Button_bs4",
  "ChangeForm": "",
  "appearance": " btn-secondary",
  "backgroundColor": "",
  "badge": "",
  "badgeAppearance": " badge-info",
  "blockLevel": "",
  "borderColor": "",
  "borderStyle": "",
  "borderWidth": "",
  "bottom": "auto",
  "cached_js": "",
  "cached_js_script_hash": "d41d8cd98f00b204e9800998ecf8427e",
  "children": [],
  "class": "",
  "color": "",
  "disabled": "",
  "display": "",
  "expanded_pmp": null,
  "fontFamily": "",
  "fontSize": "",
  "fontStyle": "",
  "fontWeight": "",
  "groupStyle": "",
  "grouping": "",
  "height": "auto",
  "hidden": "",
  "icon": "",
  "iconTitle": "",
  "id": "Button1",
  "left": 44,
  "mAll": "",
  "mBottom": "",
  "mLeft": "",
  "mRight": "",
  "mTop": "",
  "onclick": "",
  "onmousedown": "",
  "onmousemove": "",
  "onmouseout": "",
  "onmouseup": "",
  "onresize": "",
  "ontouchend": "",
  "ontouchmove": "",
  "ontouchstart": "",
  "outline": "",
  "pAll": "",
  "pBottom": "",
  "pLeft": "",
  "pRight": "",
  "pTop": "",
  "popBody": "Body",
  "popClose": "hover",
  "popPosition": "",
  "popStyle": "popover",
  "popTitle": "Title",
  "right": "auto",
  "script": "",
  "size": " btn-md",
  "style": "",
  "toggleControl": "",
  "top": 169,
  "value": "Show",
  "width": "auto"
}