{
  "!type": "Header",
  "alignContent": "",
  "alignItems": "",
  "backgroundColor": "lightgray",
  "borderColor": "",
  "borderStyle": "",
  "borderWidth": "",
  "bottom": "auto",
  "cached_js": "",
  "cached_js_script_hash": "d41d8cd98f00b204e9800998ecf8427e",
  "children": [],
  "class": "",
  "color": "",
  "display": "",
  "expanded_pmp": null,
  "flexDirection": "",
  "flexWrap": "",
  "fontFamily": "",
  "fontSize": 16,
  "fontStyle": "",
  "fontWeight": "bold",
  "height": 45,
  "hidden": "",
  "id": "Header1",
  "justifyContent": "",
  "left": 75,
  "onclick": "",
  "onmousedown": "",
  "onmousemove": "",
  "onmouseout": "",
  "onmouseup": "",
  "onresize": "",
  "ontouchend": "",
  "ontouchmove": "",
  "ontouchstart": "",
  "position": "static",
  "right": "auto",
  "script": "",
  "style": "",
  "text": "App Name",
  "top": 30,
  "width": 0
}